./00_Master_Documents/Curriculum_Master_Document.md
./00_Master_Documents/The_Bilingual_Launch_Method.md
./01_30_Hour_Confidence_System/30HCS_Methodology_Overview.md
./02_Path_I_Foundations_(A1)/01_Modules/Module_1_Premiers_Pas_Professionnels/Lessons/Lesson_1.1_Bonjour_Je_Mappelle/Activities/Grammar_Quiz.md
./02_Path_I_Foundations_(A1)/01_Modules/Module_1_Premiers_Pas_Professionnels/Lessons/Lesson_1.1_Bonjour_Je_Mappelle/Activities/Speaking_Assignment.md
./02_Path_I_Foundations_(A1)/01_Modules/Module_1_Premiers_Pas_Professionnels/Lessons/Lesson_1.1_Bonjour_Je_Mappelle/Activities/Vocabulary_Quiz.md
./02_Path_I_Foundations_(A1)/01_Modules/Module_1_Premiers_Pas_Professionnels/Lessons/Lesson_1.1_Bonjour_Je_Mappelle/Activities/Writing_Assignment.md
./02_Path_I_Foundations_(A1)/01_Modules/Module_1_Premiers_Pas_Professionnels/Lessons/Lesson_1.1_Bonjour_Je_Mappelle/Assets/Fiche_Recap_1.1.md
./02_Path_I_Foundations_(A1)/01_Modules/Module_1_Premiers_Pas_Professionnels/Lessons/Lesson_1.1_Bonjour_Je_Mappelle/Lesson_1.1_Content.md
./02_Path_I_Foundations_(A1)/01_Modules/Module_1_Premiers_Pas_Professionnels/Lessons/Lesson_1.1_Bonjour_Je_Mappelle/Scripts/Audio_Script_Coaching.md
./02_Path_I_Foundations_(A1)/01_Modules/Module_1_Premiers_Pas_Professionnels/Lessons/Lesson_1.1_Bonjour_Je_Mappelle/Scripts/Dialogue_Formel_Naturel.md
./02_Path_I_Foundations_(A1)/01_Modules/Module_1_Premiers_Pas_Professionnels/Lessons/Lesson_1.1_Bonjour_Je_Mappelle/Scripts/Video_Script.md
./02_Path_I_Foundations_(A1)/01_Modules/Module_1_Premiers_Pas_Professionnels/Lessons/Lesson_1.2_Mon_Bureau_Mon_Equipe/Lesson_1.2_Content.md
./02_Path_I_Foundations_(A1)/01_Modules/Module_1_Premiers_Pas_Professionnels/Lessons/Lesson_1.3_La_Routine_Quotidienne/Lesson_1.3_Content.md
./02_Path_I_Foundations_(A1)/01_Modules/Module_1_Premiers_Pas_Professionnels/Lessons/Lesson_1.4_Poser_des_Questions_Clés/Lesson_1.4_Content.md
./02_Path_I_Foundations_(A1)/01_Modules/Module_2_Communication_Quotidienne/Lessons/Lesson_2.1_Au_Telephone/Lesson_2.1_Content.md
./02_Path_I_Foundations_(A1)/01_Modules/Module_2_Communication_Quotidienne/Lessons/Lesson_2.2_Les_Courriels_Essentiels/Lesson_2.2_Les_Courriels_Essentiels_Content.md
./02_Path_I_Foundations_(A1)/01_Modules/Module_2_Communication_Quotidienne/Lessons/Lesson_2.3_Comprendre_des_Instructions/Lesson_2.3_Comprendre_des_Instructions_Content.md
./02_Path_I_Foundations_(A1)/01_Modules/Module_2_Communication_Quotidienne/Lessons/Lesson_2.4_Donner_des_Directives_Simples/Lesson_2.4_Donner_des_Directives_Simples_Content.md
./02_Path_I_Foundations_(A1)/01_Modules/Module_3_Interactions_Essentielles/Lessons/Lesson_3.1_Faire_une_Demande_Polie/Lesson_3.1_Faire_une_Demande_Polie_Content.md
./02_Path_I_Foundations_(A1)/01_Modules/Module_3_Interactions_Essentielles/Lessons/Lesson_3.2_Exprimer_Besoins_Preferences/Lesson_3.2_Exprimer_Besoins_Preferences_Content.md
./02_Path_I_Foundations_(A1)/01_Modules/Module_3_Interactions_Essentielles/Lessons/Lesson_3.3_Pause_Cafe_Conversations/Lesson_3.3_Pause_Cafe_Conversations_Content.md
./02_Path_I_Foundations_(A1)/01_Modules/Module_3_Interactions_Essentielles/Lessons/Lesson_3.4_Reagir_et_Repondre/Lesson_3.4_Reagir_et_Repondre_Content.md
./02_Path_I_Foundations_(A1)/01_Modules/Module_4_Vers_Autonomie/Lessons/Lesson_4.1_Decrire_un_Probleme/Lesson_4.1_Decrire_un_Probleme_Content.md
./02_Path_I_Foundations_(A1)/01_Modules/Module_4_Vers_Autonomie/Lessons/Lesson_4.2_Confirmer_et_Verifier/Lesson_4.2_Confirmer_et_Verifier_Content.md
./02_Path_I_Foundations_(A1)/01_Modules/Module_4_Vers_Autonomie/Lessons/Lesson_4.3_Parler_Experience_Passee/Lesson_4.3_Parler_Experience_Passee_Content.md
./02_Path_I_Foundations_(A1)/01_Modules/Module_4_Vers_Autonomie/Lessons/Lesson_4.4_Projet_Final_Presentation/Lesson_4.4_Projet_Final_Presentation_Content.md
./02_Path_I_Foundations_(A1)/Assets_Global/Thumbnails/Activity_Audio_Icon.png
./02_Path_I_Foundations_(A1)/Assets_Global/Thumbnails/Activity_Grammar_Icon.png
./02_Path_I_Foundations_(A1)/Assets_Global/Thumbnails/Activity_Quiz_Icon.png
./02_Path_I_Foundations_(A1)/Assets_Global/Thumbnails/Activity_Task_Icon.png
./02_Path_I_Foundations_(A1)/Assets_Global/Thumbnails/Activity_Video_Icon.png
./02_Path_I_Foundations_(A1)/Assets_Global/Thumbnails/Lesson_1.1_Thumbnail.png
./02_Path_I_Foundations_(A1)/Assets_Global/Thumbnails/Lesson_1.2_Thumbnail.png
./02_Path_I_Foundations_(A1)/Assets_Global/Thumbnails/Lesson_1.3_Thumbnail.png
./02_Path_I_Foundations_(A1)/Assets_Global/Thumbnails/Lesson_1.4_Thumbnail.png
./02_Path_I_Foundations_(A1)/Assets_Global/Thumbnails/Module_1_Thumbnail.png
./02_Path_I_Foundations_(A1)/Assets_Global/Thumbnails/Module_2_Thumbnail.png
./02_Path_I_Foundations_(A1)/Assets_Global/Thumbnails/Module_3_Thumbnail.png
./02_Path_I_Foundations_(A1)/Assets_Global/Thumbnails/Module_4_Thumbnail.png
./02_Path_I_Foundations_(A1)/Assets_Global/Thumbnails/Path_I_Main_Thumbnail.png
./02_Path_I_Foundations_(A1)/Assets_Global/rusing_academy_social_icon_1_corrected.png
./02_Path_I_Foundations_(A1)/Assets_Global/rusing_academy_social_square_1_corrected.png
./02_Path_I_Foundations_(A1)/Assets_Global/rusing_academy_variant_favicon.png
./02_Path_I_Foundations_(A1)/Assets_Global/rusing_academy_variant_white_background.png
./02_Path_I_Foundations_(A1)/Path_I_Complete_Structure.md
./02_Path_I_Foundations_(A1)/Path_I_Metadata.json
./03_Blueprints_Paths_II_VI/Paths_II_VI_Complete_Blueprints.md
./04_Strategic_Documents/Guide_Implementation_Kajabi_v3.md
./04_Strategic_Documents/Plan_Validation_Empirique.md
